"averaging","ppfd","replicate","species","instrument","Leak","LeakPct","CorrFact","CorrFactPct","DarkAdaptedID","Qmax_d","Fo","Fm","Fv/Fm","A_dark","PS2/1","S","K","Geometry","Tleaf2","Offset","Offset2","Qamb_in","f_farred","Q_modavg","Q_farred","state","period","Total","Tleaf2_mv","Tleaf2_j","Pump","AccH2O_hum","AccH2O_des","DAC_1","DAC_2","DAC_3","DAC_4","GPIO","GPIO_dir","excit_5v","power_12v","power_5v","ch1_pullup","AuxPower","MatchValveR","MatchValveS","co2_fit_low","co2_fit_high","h2o_fit_low","h2o_fit_high","DIAG","oxygen","file_name","date_ymd","curve_identifier","ppfd_replicate","RSS_reported","Ci_transition","Ci_transition2","Tcorrect","Rd_measured","GammaStar","Km","kminput","gstarinput","fitmethod","citransition","gmeso","fitTPU","alphag","Vcmax","Vcmax_err","Qin_avg","alpha","theta","Rd","Rd_err","ci_star","A_transition","Jmax","Jmax_err","J","J_err","TPU","TPU_err","J_lower","J_upper","Rd_lower","Rd_upper","TPU_lower","TPU_upper","Vcmax_lower","Vcmax_upper","admissible","npts","nparam","dof","RSS","MSE","RMSE","RSE","AIC"
"SysObs","UserDefCon","UserDefCon","UserDefCon","UserDefCon","Leak","Leak","Leak","Leak","FLR","FLR","FLR","FLR","FLR","FLR","FLR","Const","Const","Const","Meas","Meas","Meas","Meas","FlrLS","FlrLS","FlrLS","FlrLS","FlrStats","Stability","Raw","Status2","Status2","Status2","Status2","Auxiliary","Auxiliary","Auxiliary","Auxiliary","Auxiliary","Auxiliary","Auxiliary","Auxiliary","Auxiliary","Auxiliary","Auxiliary","MchStatus","MchStatus","MchStatus","MchStatus","MchStatus","MchStatus","Status","in","read_gasex_file","NA","NA","NA","NA","fit_c3_aci_plantecophys","fit_c3_aci_plantecophys","fit_c3_aci_plantecophys","fit_c3_aci_plantecophys","fit_c3_aci_plantecophys","fit_c3_aci_plantecophys","fit_c3_aci_plantecophys","fit_c3_aci_plantecophys","fit_c3_aci_plantecophys","fit_c3_aci_plantecophys","fit_c3_aci_plantecophys","fit_c3_aci_plantecophys","fit_c3_aci_plantecophys","fit_c3_aci_plantecophys","fit_c3_aci_plantecophys","NA","fit_c3_aci_plantecophys","fit_c3_aci_plantecophys","fit_c3_aci_plantecophys","fit_c3_aci_plantecophys","fit_c3_aci_plantecophys","fit_c3_aci_plantecophys","fit_c3_aci_plantecophys","fit_c3_aci_plantecophys","fit_c3_aci_plantecophys","fit_c3_aci_plantecophys","fit_c3_aci_plantecophys","fit_c3_aci_plantecophys","fit_c3_aci_plantecophys","fit_c3_aci_plantecophys","fit_c3_aci_plantecophys","fit_c3_aci_plantecophys","fit_c3_aci_plantecophys","fit_c3_aci_plantecophys","fit_c3_aci_plantecophys","fit_c3_aci_plantecophys","fit_c3_aci_plantecophys","residual_stats","residual_stats","residual_stats","residual_stats","residual_stats","residual_stats","residual_stats","residual_stats"
"s","micromol m^(-2) s^(-1)","NA","NA","NA","micromol s^(-1)","%","NA","%","NA","NA","NA","NA","NA","micromol m^(-2) s^(-1)","NA","cm^2","NA","NA","degrees C","degrees C","degrees C","micromol m^(-2) s^(-1)","NA","micromol m^(-2) s^(-1)","micromol m^(-2) s^(-1)","NA","s","NA","mV","degrees C","NA","mg","mg","V","V","V","V","NA","NA","NA","NA","NA","NA","V","%","%","micromol mol^(-1)","micromol mol^(-1)","mmol mol^(-1)","mmol mol^(-1)","NA","percent","NA","NA","NA","NA","NA","micromol mol^(-1)","micromol mol^(-1)","","","micromol mol^(-1)","micromol mol^(-1)","","","","micromol mol^(-1)","mol m^(-2) s^(-1)","","dimensionless","micromol m^(-2) s^(-1)","micromol m^(-2) s^(-1)","NA","dimensionless","dimensionless","micromol m^(-2) s^(-1)","micromol m^(-2) s^(-1)","micromol mol^(-1)","micromol m^(-2) s^(-1)","micromol m^(-2) s^(-1)","micromol m^(-2) s^(-1)","micromol m^(-2) s^(-1)","micromol m^(-2) s^(-1)","micromol m^(-2) s^(-1)","micromol m^(-2) s^(-1)","micromol m^(-2) s^(-1)","micromol m^(-2) s^(-1)","micromol m^(-2) s^(-1)","micromol m^(-2) s^(-1)","micromol m^(-2) s^(-1)","micromol m^(-2) s^(-1)","micromol m^(-2) s^(-1)","micromol m^(-2) s^(-1)","micromol m^(-2) s^(-1)","NA","NA","NA","(micromol m^(-2) s^(-1))^2","(micromol m^(-2) s^(-1))^2","micromol m^(-2) s^(-1)","micromol m^(-2) s^(-1)",""
"none","100","wt-3-2","tobacco","mcgrath1","0","0","1","0","RECT-12243-20210724-05_20_30","10238.9","302.212","4052.3","0.925422105964514","-0.323430118240924","0.5","6","0.5","0: Broadleaf","999.9","0","0","0","0","5.00098","0","0","15","2","0","999.9","1","9999","9999","5","0","0","0","11111111","oooooooo","off","off","off","off","0","100","100","1","2242","1","25","18","21","data/tobacco/2023-03-23 ed aci mcgrath1","2023-03-23","100 - wt-3-2 - mcgrath1","100 - wt-3-2","0.318069858000918","249.693147333279","1111.40424215092","FALSE","FALSE","39.0920185898398","730.374867047435","TRUE","TRUE","bilinear",NA,NA,"TRUE","0","24.9337710399689","0.799746831026427","99.9373882352941","0.36125","0.7","1.00515034174044","0.0738093714799826","71.4186243877314","4.29967477819426","155.415340913152",NA,"33.3659072669995",NA,"2.506376283435",NA,NA,NA,"0.860483973639678","1.14981670984121",NA,NA,"23.3662672511571","26.5012748287807","FALSE","17","4","13","0.318069858000918","0.0187099916471128","0.136784471513081","0.156419027467622","-9.39394881835246"
"none","100","wt-4","tobacco","ripe5","0","0","1","0","RECT-12243-20210724-05_20_30","10238.9","302.212","4052.3","0.925422105964514","-0.323430118240924","0.5","6","0.5","0: Broadleaf","999.9","0","0","0","0","4.99958","0","0","15","2","0","999.9","1","9999","9999","5","0","0","0","11111111","oooooooo","off","off","off","off","0","100","100","6","2275","1","21","18","21","data/tobacco/2023-03-23 ed aci ripe5","2023-03-23","100 - wt-4 - ripe5","100 - wt-4","1.39350715689852","372.828921050119",NA,"FALSE","FALSE","39.1049549598858","731.031145736763","TRUE","TRUE","bilinear",NA,NA,"TRUE","0","21.9534661478872","0.975275148284182","100.025194117647","0.36125","0.7","0.981950228397575","0.13087125692919","75.168362009672","5.5894073428","1561.10951374143",NA,"35.8808730362154",NA,NA,NA,NA,NA,"0.725442564816363","1.23845789197879",NA,NA,"20.0419268572502","23.8650054385242","FALSE","17","4","13","1.39350715689852","0.0819710092293248","0.286305796709261","0.32740320435659","15.7202862453235"
"none","100","wt-7","tobacco","ripe5","0","0","1","0","RECT-12243-20210724-05_20_30","10238.9","302.212","4052.3","0.925422105964514","-0.323430118240924","0.5","6","0.5","0: Broadleaf","999.9","0","0","0","0","4.99958","0","0","15","2","0","999.9","1","9999","9999","5","0","0","0","11111111","oooooooo","off","off","off","off","0","100","100","6","2275","1","21","18","21","data/tobacco/2023-03-23 ed aci ripe5","2023-03-23","100 - wt-7 - ripe5","100 - wt-7","0.873800833152762","169.070579844909","1329.40270003339","FALSE","FALSE","38.9880813315708","728.252177649134","TRUE","TRUE","bilinear",NA,NA,"TRUE","0","32.3438110198701","1.64137064333305","99.9621235294118","0.36125","0.7","1.34390363279586","0.0976046143111555","72.2567999277557","3.29846917119777","808.716545751371",NA,"35.6189939780322",NA,"2.72156464062627",NA,NA,NA,"1.15259858874599","1.53520867684572",NA,NA,"29.1267245589373","35.5608974808029","FALSE","17","4","13","0.873800833152762","0.051400049008986","0.226715789059752","0.259259423558834","7.78593552729156"
"none","100","wt-8","tobacco","mcgrath1","0","0","1","0","RECT-12243-20210724-05_20_30","10238.9","302.212","4052.3","0.925422105964514","-0.323430118240924","0.5","6","0.5","0: Broadleaf","999.9","0","0","0","0","5.00098","0","0","15","2","0","999.9","1","9999","9999","5","0","0","0","11111111","oooooooo","off","off","off","off","0","100","100","1","2242","1","25","18","21","data/tobacco/2023-03-21 ed aci mcgrath1","2023-03-21","100 - wt-8 - mcgrath1","100 - wt-8","0.957791917252202","251.017099230564",NA,"FALSE","FALSE","39.333809416875","735.413881293624","TRUE","TRUE","bilinear",NA,NA,"TRUE","0","24.9518610800582","0.957184009835247","100.02079375","0.36125","0.7","1.24820133610578","0.0747025516727568","80.1369391808486","4.05333133822149","153.657497836702",NA,"33.3576192590357",NA,NA,NA,NA,NA,"1.10178433482718","1.39461833738439",NA,NA,"23.0757804207812","26.8279417393353","FALSE","16","4","12","0.957791917252202","0.0598619948282626","0.244667110229926","0.282517243906191","10.3546178270768"
"none","1000","wt-1","tobacco","mcgrath1","0","0","1","0","RECT-12243-20210724-05_20_30","10238.9","302.212","4052.3","0.925422105964514","-0.323430118240924","0.5","6","0.5","0: Broadleaf","999.9","0","0","0","0","5.00098","0","0","15","2","0","999.9","1","9999","9999","5","0","0","0","11111111","oooooooo","off","off","off","off","0","100","100","1","2242","1","25","18","21","data/tobacco/2023-03-23 ed aci mcgrath1","2023-03-23","1000 - wt-1 - mcgrath1","1000 - wt-1","16.4911996330505","1999.99991561528","400.000077544781","FALSE","FALSE","39.0185939623712","729.32782960555","TRUE","TRUE","bilinear",NA,NA,"TRUE","0","76.3104286038346","2.2672112946443","1000.04135294118","0.36125","0.7","1.38806475802429","0.323022863901061","53.2537465492612","24.0348438823386",NA,NA,NA,NA,"8.47430361303675",NA,NA,NA,"0.754939944778206","2.02118957127037",NA,NA,"71.8666944663318","80.7541627413374","TRUE","17","4","13","16.4911996330505","0.970070566650032","0.984921604316827","1.12630094465332","57.727340291839"
"none","1000","wt-5","tobacco","mcgrath1","0","0","1","0","RECT-12243-20210724-05_20_30","10238.9","302.212","4052.3","0.925422105964514","-0.323430118240924","0.5","6","0.5","0: Broadleaf","999.9","0","0","0","0","5.00098","0","0","15","2","0","999.9","1","9999","9999","5","0","0","0","11111111","oooooooo","off","off","off","off","0","100","100","1","2242","1","25","18","21","data/tobacco/2023-03-21 ed aci mcgrath1","2023-03-21","1000 - wt-5 - mcgrath1","1000 - wt-5","30.0455455949937","1999.99991561528","400.000077544781","FALSE","FALSE","39.2888396381419","734.211657538221","TRUE","TRUE","bilinear",NA,NA,"TRUE","0","92.3781119107809","5.41030881520327","999.997375","0.36125","0.7","2.32275310856725","0.618664982117522","59.2398016151564","32.8968767046486",NA,NA,NA,NA,"11.7398779381129",NA,NA,NA,"1.11016974361691","3.53533647351759",NA,NA,"81.7739066329825","102.982317188579","FALSE","16","4","12","30.0455455949937","1.8778465996871","1.37034543079003","1.58233860669879","65.4880441768236"
"none","1200","wt-6","tobacco","mcgrath1","0","0","1","0","RECT-12243-20210724-05_20_30","10238.9","302.212","4052.3","0.925422105964514","-0.323430118240924","0.5","6","0.5","0: Broadleaf","999.9","0","0","0","0","5.00098","0","0","15","2","0","999.9","1","9999","9999","5","0","0","0","11111111","oooooooo","off","off","off","off","0","100","100","1","2242","1","25","18","21","data/tobacco/2023-03-23 ed aci mcgrath1","2023-03-23","1200 - wt-6 - mcgrath1","1200 - wt-6","19.9906781045086","1999.99991561528","400.000077544781","FALSE","FALSE","39.0118032312775","729.681759227916","TRUE","TRUE","bilinear",NA,NA,"TRUE","0","108.383853514565","2.77005404508101","1199.99058823529","0.36125","0.7","1.42423401165942","0.379713620389241","49.2476386364612","35.0972841226779",NA,NA,NA,NA,"12.1738404542253",NA,NA,NA,"0.679995315696508","2.16847270762233",NA,NA,"102.954547586207","113.813159442924","TRUE","17","4","13","19.9906781045086","1.17592224144169","1.08439948425001","1.24005825249364","60.9988064721025"
"none","150","wt-1","tobacco","ripe5","0","0","1","0","RECT-12243-20210724-05_20_30","10238.9","302.212","4052.3","0.925422105964514","-0.323430118240924","0.5","6","0.5","0: Broadleaf","999.9","0","0","0","0","4.99958","0","0","15","2","0","999.9","1","9999","9999","5","0","0","0","11111111","oooooooo","off","off","off","off","0","100","100","6","2275","1","21","18","21","data/tobacco/2023-03-24 ed aci ripe5","2023-03-24","150 - wt-1 - ripe5","150 - wt-1","5.44815761069589","391.543641458772",NA,"FALSE","FALSE","38.9511042160602","727.384291402273","TRUE","TRUE","bilinear",NA,NA,"TRUE","0","32.289458866364","0.954885858995706","150.004176470588","0.36125","0.7","2.54640132950453","0.166402067579343","104.567407171187","7.52779460633053",NA,NA,NA,NA,NA,NA,NA,NA,"2.22025327704902","2.87254938196004",NA,NA,"30.4178825827324","34.1610351499956","FALSE","17","4","13","5.44815761069589","0.320479859452699","0.566109405903752","0.647370872820678","38.8990007534663"
"none","150","wt-3","tobacco","mcgrath1","0","0","1","0","RECT-12243-20210724-05_20_30","10238.9","302.212","4052.3","0.925422105964514","-0.323430118240924","0.5","6","0.5","0: Broadleaf","999.9","0","0","0","0","5.00098","0","0","15","2","0","999.9","1","9999","9999","5","0","0","0","11111111","oooooooo","off","off","off","off","0","100","100","1","2242","1","25","18","21","data/tobacco/2023-03-24 ed aci mcgrath1","2023-03-24","150 - wt-3 - mcgrath1","150 - wt-3","1.69986710682598","324.165056944902","1049.12689650419","FALSE","FALSE","38.9258264011405","727.331527843354","TRUE","TRUE","bilinear",NA,NA,"TRUE","0","32.2907684384594","1.55218349500133","150.007823529412","0.36125","0.7","1.13686485624105","0.162716372401663","66.8906463866395","7.53591642734378","201.555621773092",NA,"49.3826743608235",NA,"3.68880360799764",NA,NA,NA,"0.81794076633379","1.45578894614831",NA,NA,"29.2484887882568","35.333048088662","FALSE","17","4","13","1.69986710682598","0.0999921827544691","0.31621540562482","0.361606150690752","19.0986345643742"
"none","150","wt-6","tobacco","ripe5","0","0","1","0","RECT-12243-20210724-05_20_30","10238.9","302.212","4052.3","0.925422105964514","-0.323430118240924","0.5","6","0.5","0: Broadleaf","999.9","0","0","0","0","4.99958","0","0","15","2","0","999.9","1","9999","9999","5","0","0","0","11111111","oooooooo","off","off","off","off","0","100","100","6","2275","1","21","18","21","data/tobacco/2023-03-23 ed aci ripe5","2023-03-23","150 - wt-6 - ripe5","150 - wt-6","1.73670227089776","241.064236632533",NA,"FALSE","FALSE","38.9970978532942","727.880857454987","TRUE","TRUE","bilinear",NA,NA,"TRUE","0","39.6180583209204","1.71532746418194","150.017588235294","0.36125","0.7","0.957004182625313","0.13843515538061","57.9823282208279","7.22327893618268","458.311814726322",NA,"52.1824220122929",NA,NA,NA,NA,NA,"0.685671278079316","1.22833708717131",NA,NA,"36.2560164911238","42.980100150717","FALSE","17","4","13","1.73670227089776","0.102158957111633","0.319623148585382","0.365503053854207","19.4630804421853"
"none","1500","wt-10","tobacco","mcgrath2","0","0","1","0","RECT-12243-20210724-05_20_30","10238.9","302.212","4052.3","0.925422105964514","-0.323430118240924","0.5","6","0.5","0: Broadleaf","999.9","0","0","0","0","4.99977","0","0","15","2","0","999.9","1","9999","9999","5","0","0","0","11111111","oooooooo","off","off","off","off","0","100","100","2","2094","1","26","18","21","data/tobacco/2023-03-21 ed aci mcgrath2","2023-03-21","1500 - wt-10 - mcgrath2","1500 - wt-10","15.5991942190545","1999.99991561528","400.000077544781","FALSE","FALSE","39.3464756816613","735.666938725147","TRUE","TRUE","bilinear",NA,NA,"TRUE","0","101.396916217396","1.75482174137581","1499.956875","0.36125","0.7","1.89880308326117","0.222173506795352","54.1369206014008","35.2803354697693",NA,NA,NA,NA,"12.3930474829075",NA,NA,NA,"1.46334300994228","2.33426315658006",NA,NA,"97.9574656042998","104.836366830493","FALSE","16","4","12","15.5991942190545","0.974949638690905","0.987395381137113","1.14014597819221","55.0001216714608"
"none","1500","wt-7","tobacco","mcgrath1","0","0","1","0","RECT-12243-20210724-05_20_30","10238.9","302.212","4052.3","0.925422105964514","-0.323430118240924","0.5","6","0.5","0: Broadleaf","999.9","0","0","0","0","5.00098","0","0","15","2","0","999.9","1","9999","9999","5","0","0","0","11111111","oooooooo","off","off","off","off","0","100","100","1","2242","1","25","18","21","data/tobacco/2023-03-23 ed aci mcgrath1","2023-03-23","1500 - wt-7 - mcgrath1","1500 - wt-7","11.8758066463777","1999.99991561528","400.000077544781","FALSE","FALSE","38.9622359542374","728.116075409952","TRUE","TRUE","bilinear",NA,NA,"TRUE","0","110.432988685521","1.93259243781636","1499.99352941176","0.36125","0.7","1.4478616901966","0.28471803407209","49.1529886340579","37.5595579908348",NA,NA,NA,NA,"13.0024744836341",NA,NA,NA,"0.889814343415305","2.0059090369779",NA,NA,"106.645107507401","114.220869863641","FALSE","17","4","13","11.8758066463777","0.698576861551627","0.835809105927679","0.955784279104284","52.1458389674082"
"none","200","wt-1","tobacco","ripe5","0","0","1","0","RECT-12243-20210724-05_20_30","10238.9","302.212","4052.3","0.925422105964514","-0.323430118240924","0.5","6","0.5","0: Broadleaf","999.9","0","0","0","0","4.99958","0","0","15","2","0","999.9","1","9999","9999","5","0","0","0","11111111","oooooooo","off","off","off","off","0","100","100","6","2275","1","21","18","21","data/tobacco/2023-03-23 ed aci ripe5","2023-03-23","200 - wt-1 - ripe5","200 - wt-1","1.59365062119654","350.301860769718",NA,"FALSE","FALSE","39.0374864585865","729.481276863443","TRUE","TRUE","bilinear",NA,NA,"TRUE","0","45.4804631202955","1.5488273315554","199.966411764706","0.36125","0.7","1.1542498373455","0.148525173979421","59.0512414491878","11.8263984892489","24135.5584537682",NA,"72.1729261202069",NA,NA,NA,NA,NA,"0.863140496345839","1.44535917834517",NA,NA,"42.4447615504469","48.5161646901441","FALSE","17","4","13","1.59365062119654","0.0937441541880319","0.30617667152811","0.350126419058618","18.0017486151002"
"none","200","wt-10","tobacco","mcgrath1","0","0","1","0","RECT-12243-20210724-05_20_30","10238.9","302.212","4052.3","0.925422105964514","-0.323430118240924","0.5","6","0.5","0: Broadleaf","999.9","0","0","0","0","5.00098","0","0","15","2","0","999.9","1","9999","9999","5","0","0","0","11111111","oooooooo","off","off","off","off","0","100","100","1","2242","1","25","18","21","data/tobacco/2023-03-21 ed aci mcgrath1","2023-03-21","200 - wt-10 - mcgrath1","200 - wt-10","1.77723104381448","330.528092038052","1279.97738777104","FALSE","FALSE","39.2870287778643","734.317654608426","TRUE","TRUE","bilinear",NA,NA,"TRUE","0","41.8145434228885","1.56518606572762","200.0748125","0.36125","0.7","1.36103837765979","0.167257832729985","65.3169507001414","9.96223234515422","218.750823264297",NA,"64.2587698949538",NA,"4.89033353360594",NA,NA,NA,"1.03321302550902","1.68886372981056",NA,NA,"38.7467787340623","44.8823081117146","FALSE","16","4","12","1.77723104381448","0.111076940238405","0.333282073082854","0.384840989220925","20.2455184627089"
"none","200","wt-8","tobacco","mcgrath1","0","0","1","0","RECT-12243-20210724-05_20_30","10238.9","302.212","4052.3","0.925422105964514","-0.323430118240924","0.5","6","0.5","0: Broadleaf","999.9","0","0","0","0","5.00098","0","0","15","2","0","999.9","1","9999","9999","5","0","0","0","11111111","oooooooo","off","off","off","off","0","100","100","1","2242","1","25","18","21","data/tobacco/2023-03-23 ed aci mcgrath1","2023-03-23","200 - wt-8 - mcgrath1","200 - wt-8","0.471031847381023","340.382110670691",NA,"FALSE","FALSE","39.0714048040135","730.17345232423","TRUE","TRUE","bilinear",NA,NA,"TRUE","0","41.3291847175019","0.692836685883354","199.990176470588","0.36125","0.7","1.08211826909752","0.0612490018291205","59.7557220354902","10.4349201354973","229.135400732414",NA,"64.6292237806876",NA,NA,NA,NA,NA,"0.962070225512444","1.2021663126826",NA,NA,"39.9712248131706","42.6871446218333","FALSE","17","4","13","0.471031847381023","0.0277077557282955","0.166456467967741","0.19035025355725","-2.7188194224305"
"none","250","wt-1","tobacco","mcgrath2","0","0","1","0","RECT-12243-20210724-05_20_30","10238.9","302.212","4052.3","0.925422105964514","-0.323430118240924","0.5","6","0.5","0: Broadleaf","999.9","0","0","0","0","4.99977","0","0","15","2","0","999.9","1","9999","9999","5","0","0","0","11111111","oooooooo","off","off","off","off","0","100","100","2","2094","1","26","18","21","data/tobacco/2023-03-21 ed aci mcgrath2","2023-03-21","250 - wt-1 - mcgrath2","250 - wt-1","0.531393626510107","509.280300868427",NA,"FALSE","FALSE","39.3112552848123","734.828622593865","TRUE","TRUE","bilinear",NA,NA,"TRUE","0","40.9923843423228","0.637345539846569","249.9739375","0.36125","0.7","1.61978738661478","0.0817408055516549","71.161476324847","13.7119953228202","217.983065710317",NA,"77.4836915950365",NA,NA,NA,NA,NA,"1.45957540773354","1.77999936549603",NA,NA,"39.7431870842235","42.2415816004221","FALSE","16","4","12","0.531393626510107","0.0332121016568817","0.182241876792579","0.210434793247637","0.928577674723911"
"none","250","wt-1","tobacco","ripe5","0","0","1","0","RECT-12243-20210724-05_20_30","10238.9","302.212","4052.3","0.925422105964514","-0.323430118240924","0.5","6","0.5","0: Broadleaf","999.9","0","0","0","0","4.99958","0","0","15","2","0","999.9","1","9999","9999","5","0","0","0","11111111","oooooooo","off","off","off","off","0","100","100","6","2275","1","21","18","21","data/tobacco/2023-03-24 ed aci ripe5","2023-03-24","250 - wt-1 - ripe5","250 - wt-1","2.28065790531167","301.554260571326","1234.74780785675","FALSE","FALSE","38.9320310197149","727.235982901434","TRUE","TRUE","bilinear",NA,NA,"TRUE","0","60.5455498858667","1.89742706790126","249.953352941176","0.36125","0.7","1.53647759518544","0.172576617261798","58.8833397521057","13.7661320966241","2534.55495646247",NA,"89.3169084420648",NA,"6.78079145739332",NA,NA,NA,"1.19822742535232","1.87472776501856",NA,NA,"56.8265928327802","64.2645069389531","FALSE","17","4","13","2.28065790531167","0.134156347371275","0.366273596333772","0.418849881801957","24.095170537165"
"none","250","wt-5","tobacco","ripe5","0","0","1","0","RECT-12243-20210724-05_20_30","10238.9","302.212","4052.3","0.925422105964514","-0.323430118240924","0.5","6","0.5","0: Broadleaf","999.9","0","0","0","0","4.99958","0","0","15","2","0","999.9","1","9999","9999","5","0","0","0","11111111","oooooooo","off","off","off","off","0","100","100","6","2275","1","21","18","21","data/tobacco/2023-03-23 ed aci ripe5","2023-03-23","250 - wt-5 - ripe5","250 - wt-5","2.31823850650155","263.616293332365","1199.64391396155","FALSE","FALSE","39.0485464060967","729.706943764807","TRUE","TRUE","bilinear",NA,NA,"TRUE","0","61.7029318306535","1.93175806180333","249.994941176471","0.36125","0.7","0.950522667129489","0.15343398726501","51.0775043543075","12.8609890122988","485.04172441312",NA,"84.9057675608352",NA,"6.42678758796647",NA,NA,NA,"0.649792052090069","1.25125328216891",NA,NA,"57.916686029519","65.489177631788","FALSE","17","4","13","2.31823850650155","0.136366970970679","0.369278987989676","0.422286678645748","24.3730130384872"
"none","250","wt-7","tobacco","mcgrath1","0","0","1","0","RECT-12243-20210724-05_20_30","10238.9","302.212","4052.3","0.925422105964514","-0.323430118240924","0.5","6","0.5","0: Broadleaf","999.9","0","0","0","0","5.00098","0","0","15","2","0","999.9","1","9999","9999","5","0","0","0","11111111","oooooooo","off","off","off","off","0","100","100","1","2242","1","25","18","21","data/tobacco/2023-03-24 ed aci mcgrath1","2023-03-24","250 - wt-7 - mcgrath1","250 - wt-7","2.72166834130605","343.723289587249","1244.56739401676","FALSE","FALSE","38.9371639831609","726.703656948558","TRUE","TRUE","bilinear",NA,NA,"TRUE","0","50.6607228729689","1.88002638226019","250.011882352941","0.36125","0.7","1.37829121195401","0.197006830502747","60.3517635843542","12.9036805341596","261.745756797043",NA,"79.8127895996804",NA,"6.06357607264722",NA,NA,NA,"0.992157824168625","1.76442459973939",NA,NA,"46.9758711637389","54.3455745821989","FALSE","17","4","13","2.72166834130605","0.160098137723885","0.400122653350051","0.457557759389335","27.1004491819102"
"none","300","wt-1","tobacco","mcgrath1","0","0","1","0","RECT-12243-20210724-05_20_30","10238.9","302.212","4052.3","0.925422105964514","-0.323430118240924","0.5","6","0.5","0: Broadleaf","999.9","0","0","0","0","5.00098","0","0","15","2","0","999.9","1","9999","9999","5","0","0","0","11111111","oooooooo","off","off","off","off","0","100","100","1","2242","1","25","18","21","data/tobacco/2023-03-21 ed aci mcgrath1","2023-03-21","300 - wt-1 - mcgrath1","300 - wt-1","0.772441130220432","342.797258679874",NA,"FALSE","FALSE","39.2793671882557","734.09237315044","TRUE","TRUE","bilinear",NA,NA,"TRUE","0","60.1169753588608","1.14538603290009","300.0696875","0.36125","0.7","1.65180548690782","0.0937633711319906","61.1311278857868","15.1242112015624","279.65121299502",NA,"94.0881856303278",NA,NA,NA,NA,NA,"1.46802927948912","1.83558169432653",NA,NA,"57.8720187343766","62.361931983345","TRUE","16","4","12","0.772441130220432","0.048277570638777","0.219721575269196","0.253712621256878","6.91342182753675"
"none","300","wt-3","tobacco","ripe5","0","0","1","0","RECT-12243-20210724-05_20_30","10238.9","302.212","4052.3","0.925422105964514","-0.323430118240924","0.5","6","0.5","0: Broadleaf","999.9","0","0","0","0","4.99958","0","0","15","2","0","999.9","1","9999","9999","5","0","0","0","11111111","oooooooo","off","off","off","off","0","100","100","6","2275","1","21","18","21","data/tobacco/2023-03-24 ed aci ripe5","2023-03-24","300 - wt-3 - ripe5","300 - wt-3","1.21841691526647","338.482557736335","1222.43623319904","FALSE","FALSE","38.8490143821406","726.12605984272","TRUE","TRUE","bilinear",NA,NA,"TRUE","0","67.6737490134744","1.22994024269302","300.008941176471","0.36125","0.7","1.73868969442278","0.0904738208281027","59.0228700220385","17.1194702864311","1419.54523265253",NA,"105.821050593187",NA,"8.02791723311295",NA,NA,NA,"1.5613610055997","1.91601838324587",NA,NA,"65.2630661377961","70.0844318891527","FALSE","17","4","13","1.21841691526647","0.0716715832509688","0.267715489374389","0.306144374597053","13.4376741766042"
"none","300","wt-8","tobacco","ripe5","0","0","1","0","RECT-12243-20210724-05_20_30","10238.9","302.212","4052.3","0.925422105964514","-0.323430118240924","0.5","6","0.5","0: Broadleaf","999.9","0","0","0","0","4.99958","0","0","15","2","0","999.9","1","9999","9999","5","0","0","0","11111111","oooooooo","off","off","off","off","0","100","100","6","2275","1","21","18","21","data/tobacco/2023-03-23 ed aci ripe5","2023-03-23","300 - wt-8 - ripe5","300 - wt-8","0.426464550266077","325.124149464119","725.721814053389","FALSE","FALSE","39.0918003254779","730.775316665738","TRUE","TRUE","bilinear",NA,NA,"TRUE","0","62.7220683234625","0.898323650794072","300.041294117647","0.36125","0.7","1.23894266245017","0.0660700765291563","54.6066202042796","15.5835976555034","315.14364105265",NA,"95.8284261410401",NA,"6.82073125920359",NA,NA,NA,"1.10944531245303","1.36844001244732",NA,NA,"60.9613539679062","64.4827826790189","FALSE","17","4","13","0.426464550266077","0.0250861500156516","0.158386078983134","0.181121410675499","-4.40855928586973"
"none","300","wt-9","tobacco","ripe5","0","0","1","0","RECT-12243-20210724-05_20_30","10238.9","302.212","4052.3","0.925422105964514","-0.323430118240924","0.5","6","0.5","0: Broadleaf","999.9","0","0","0","0","4.99958","0","0","15","2","0","999.9","1","9999","9999","5","0","0","0","11111111","oooooooo","off","off","off","off","0","100","100","6","2275","1","21","18","21","data/tobacco/2023-03-23 ed aci ripe5","2023-03-23","300 - wt-9 - ripe5","300 - wt-9","3.89716233104929","311.298290600377","972.582050133583","FALSE","FALSE","39.0607905584848","730.21665569675","TRUE","TRUE","bilinear",NA,NA,"TRUE","0","65.1171691264363","2.1985220440289","299.954","0.36125","0.7","0.821918928780689","0.227662337047448","48.8956245736035","16.0302801410064","356.77029371011",NA,"97.3885967805476",NA,"7.21059068490672",NA,NA,NA,"0.375700748167692","1.26813710939369",NA,NA,"60.8080659201397","69.426272332733","FALSE","17","4","13","3.89716233104929","0.229244843002899","0.478795199435938","0.547523257746209","33.2035108549222"
"none","400","wt-10","tobacco","ripe5","0","0","1","0","RECT-12243-20210724-05_20_30","10238.9","302.212","4052.3","0.925422105964514","-0.323430118240924","0.5","6","0.5","0: Broadleaf","999.9","0","0","0","0","4.99958","0","0","15","2","0","999.9","1","9999","9999","5","0","0","0","11111111","oooooooo","off","off","off","off","0","100","100","6","2275","1","21","18","21","data/tobacco/2023-03-23 ed aci ripe5","2023-03-23","400 - wt-10 - ripe5","400 - wt-10","3.14061368326842","314.638053690704","484.909100958685","FALSE","FALSE","39.0833814735581","730.69999413185","TRUE","TRUE","bilinear",NA,NA,"TRUE","0","80.4023582500436","0.962396956889302","400.003647058824","0.36125","0.7","1.55819336374085","0.0736216067815101","54.2978566861196","19.4262973802974","306.107613765724",NA,"120.850603700397",NA,"7.9738081805016",NA,NA,NA,"1.41389501444909","1.70249171303261",NA,NA,"78.5160602145406","82.2886562855467","FALSE","17","4","13","3.14061368326842","0.184741981368731","0.429816218131343","0.491513649804077","29.5343930430466"
"none","400","wt-2","tobacco","mcgrath1","0","0","1","0","RECT-12243-20210724-05_20_30","10238.9","302.212","4052.3","0.925422105964514","-0.323430118240924","0.5","6","0.5","0: Broadleaf","999.9","0","0","0","0","5.00098","0","0","15","2","0","999.9","1","9999","9999","5","0","0","0","11111111","oooooooo","off","off","off","off","0","100","100","1","2242","1","25","18","21","data/tobacco/2023-03-23 ed aci mcgrath1","2023-03-23","400 - wt-2 - mcgrath1","400 - wt-2","5.7259063305629","467.3144050085","680.564679631707","FALSE","FALSE","39.1112877954311","730.814562365664","TRUE","TRUE","bilinear",NA,NA,"TRUE","0","65.2930816385378","1.79371510837867","399.947294117647","0.36125","0.7","1.72777854139182","0.253166753669497","60.0401086263237","21.3764804594047","284.879224619827",NA,"118.918049184252",NA,"8.37744544352041",NA,NA,NA,"1.23157170419961","2.22398537858404",NA,NA,"61.7774000261156","68.80876325096","FALSE","17","4","13","5.7259063305629","0.336818019444876","0.580360249711226","0.663667336186001","39.7442976947416"
"none","400","wt-3","tobacco","ripe5","0","0","1","0","RECT-12243-20210724-05_20_30","10238.9","302.212","4052.3","0.925422105964514","-0.323430118240924","0.5","6","0.5","0: Broadleaf","999.9","0","0","0","0","4.99958","0","0","15","2","0","999.9","1","9999","9999","5","0","0","0","11111111","oooooooo","off","off","off","off","0","100","100","6","2275","1","21","18","21","data/tobacco/2023-03-24 ed aci ripe5","2023-03-24","400 - wt-3 - ripe5","400 - wt-3","2.74438883255842","401.274207460006","592.693168476578","FALSE","FALSE","38.9626325782402","727.932378924836","TRUE","TRUE","bilinear",NA,NA,"TRUE","0","75.4602113957355","1.35709971981283","399.992588235294","0.36125","0.7","2.19771015236642","0.152420001735204","61.9694570406985","21.7743553080981","428.125437410033",NA,"128.091687669659",NA,"8.8137898450287",NA,NA,NA,"1.89896694896542","2.49645335576742",NA,NA,"72.8002959449023","78.1201268465687","FALSE","17","4","13","2.74438883255842","0.161434637209319","0.401789294542947","0.45946363650862","27.2417761250898"
"none","400","wt-9","tobacco","mcgrath1","0","0","1","0","RECT-12243-20210724-05_20_30","10238.9","302.212","4052.3","0.925422105964514","-0.323430118240924","0.5","6","0.5","0: Broadleaf","999.9","0","0","0","0","5.00098","0","0","15","2","0","999.9","1","9999","9999","5","0","0","0","11111111","oooooooo","off","off","off","off","0","100","100","1","2242","1","25","18","21","data/tobacco/2023-03-24 ed aci mcgrath1","2023-03-24","400 - wt-9 - mcgrath1","400 - wt-9","2.56756544222069","295.827238279487","722.149109360949","FALSE","FALSE","38.9490064427878","727.673004355927","TRUE","TRUE","bilinear",NA,NA,"TRUE","0","78.3631340575294","2.06645378073403","400.023235294118","0.36125","0.7","1.38216873826565","0.169106533562573","52.7146335988124","18.0906928157294","245.224772854898",NA,"114.455398119143",NA,"8.14493062742416",NA,NA,NA,"1.05071993248301","1.7136175440483",NA,NA,"74.3128846472907","82.4133834677681","TRUE","17","4","13","2.56756544222069","0.151033261307099","0.388629979938629","0.444415384541282","26.1095718502212"
"none","450","wt-5","tobacco","mcgrath2","0","0","1","0","RECT-12243-20210724-05_20_30","10238.9","302.212","4052.3","0.925422105964514","-0.323430118240924","0.5","6","0.5","0: Broadleaf","999.9","0","0","0","0","4.99977","0","0","15","2","0","999.9","1","9999","9999","5","0","0","0","11111111","oooooooo","off","off","off","off","0","100","100","2","2094","1","26","18","21","data/tobacco/2023-03-21 ed aci mcgrath2","2023-03-21","450 - wt-5 - mcgrath2","450 - wt-5","0.319634892604078","437.52090144509","785.170484179778","FALSE","FALSE","39.2938362105638","734.43887329902","TRUE","TRUE","bilinear",NA,NA,"TRUE","0","70.0594274210655","0.43812285247746","449.9836875","0.36125","0.7","1.52846945868923","0.0365948860858815","56.5517916526137","22.0417310749756","240.132973220786",NA,"123.411304585375",NA,"8.88072754787858",NA,NA,NA,"1.4567434819609","1.60019543541756",NA,NA,"69.2007066302097","70.9181482119213","FALSE","16","4","12","0.319634892604078","0.0199771807877549","0.141340655112939","0.163206130553787","-7.20460081635422"
"none","500","wt-10","tobacco","mcgrath1","0","0","1","0","RECT-12243-20210724-05_20_30","10238.9","302.212","4052.3","0.925422105964514","-0.323430118240924","0.5","6","0.5","0: Broadleaf","999.9","0","0","0","0","5.00098","0","0","15","2","0","999.9","1","9999","9999","5","0","0","0","11111111","oooooooo","off","off","off","off","0","100","100","1","2242","1","25","18","21","data/tobacco/2023-03-23 ed aci mcgrath1","2023-03-23","500 - wt-10 - mcgrath1","500 - wt-10","2.0759014499539","379.386650424672","582.751112829552","FALSE","FALSE","39.0630593210561","730.291406322076","TRUE","TRUE","bilinear",NA,NA,"TRUE","0","79.4251324361891","1.17760406645014","499.949941176471","0.36125","0.7","1.36217799145815","0.141943103300736","52.4890082309159","22.7552855607132","234.715428939166",NA,"130.985782908105",NA,"8.97990856153849",NA,NA,NA,"1.08396950898871","1.64038647392759",NA,NA,"77.1170284659469","81.7332364064314","FALSE","17","4","13","2.0759014499539","0.122111849997288","0.349445060055638","0.39960571432292","22.4960066619617"
"none","500","wt-3","tobacco","ripe5","0","0","1","0","RECT-12243-20210724-05_20_30","10238.9","302.212","4052.3","0.925422105964514","-0.323430118240924","0.5","6","0.5","0: Broadleaf","999.9","0","0","0","0","4.99958","0","0","15","2","0","999.9","1","9999","9999","5","0","0","0","11111111","oooooooo","off","off","off","off","0","100","100","6","2275","1","21","18","21","data/tobacco/2023-03-23 ed aci ripe5","2023-03-23","500 - wt-3 - ripe5","500 - wt-3","2.7009945208615","356.734982017836","531.55863623728","FALSE","FALSE","39.1191859577818","731.155608600325","TRUE","TRUE","bilinear",NA,NA,"TRUE","0","89.8571240443739","1.01410085455759","499.961705882353","0.36125","0.7","1.75208891847731","0.106125986999012","54.4383132477244","24.2224600426812","311.619423510655",NA,"143.71097693069",NA,"9.67110832802451",NA,NA,NA,"1.54408198395925","1.96009585299538",NA,NA,"87.869486369441","91.8447617193068","FALSE","17","4","13","2.7009945208615","0.158882030638912","0.398600088608761","0.455816639995776","26.9708240662393"
"none","500","wt-7","tobacco","ripe5","0","0","1","0","RECT-12243-20210724-05_20_30","10238.9","302.212","4052.3","0.925422105964514","-0.323430118240924","0.5","6","0.5","0: Broadleaf","999.9","0","0","0","0","4.99958","0","0","15","2","0","999.9","1","9999","9999","5","0","0","0","11111111","oooooooo","off","off","off","off","0","100","100","6","2275","1","21","18","21","data/tobacco/2023-03-24 ed aci ripe5","2023-03-24","500 - wt-7 - ripe5","500 - wt-7","7.8638969573465","297.991988662004","403.347507916912","FALSE","FALSE","38.8885255746663","726.317930888396","TRUE","TRUE","bilinear",NA,NA,"TRUE","0","95.5779662247115","1.64921487376361","499.977647058824","0.36125","0.7","1.72710058453317","0.1543849264752","52.9715138261188","22.2103698932102","286.444318371073",NA,"140.251464056708",NA,"8.85354683831946",NA,NA,NA,"1.42450612864178","2.02969504042456",NA,NA,"92.3455050721349","98.8104273772882","FALSE","17","4","13","7.8638969573465","0.462582173961559","0.680133938251547","0.777762914110152","45.1380820344765"
"none","500","wt-9","tobacco","mcgrath1","0","0","1","0","RECT-12243-20210724-05_20_30","10238.9","302.212","4052.3","0.925422105964514","-0.323430118240924","0.5","6","0.5","0: Broadleaf","999.9","0","0","0","0","5.00098","0","0","15","2","0","999.9","1","9999","9999","5","0","0","0","11111111","oooooooo","off","off","off","off","0","100","100","1","2242","1","25","18","21","data/tobacco/2023-03-24 ed aci mcgrath1","2023-03-24","500 - wt-9 - mcgrath1","500 - wt-9","18.2862244153696","1031.06878981366","400.000077544781","FALSE","FALSE","38.8421577807817","725.774581254551","TRUE","TRUE","bilinear",NA,NA,"TRUE","0","71.5506829335649","3.23733621483243","500.024470588235","0.36125","0.7","2.10004327869361","0.437064463829901","61.9635154717422","23.8950332469597",NA,NA,NA,NA,"8.6650271157343",NA,NA,NA,"1.24339692958701","2.95668962780022",NA,NA,"65.2055039524933","77.8958619146365","FALSE","17","4","13","18.2862244153696","1.07566025972762","1.03714042430503","1.18601544987244","59.483799487245"
"none","600","wt-1","tobacco","mcgrath1","0","0","1","0","RECT-12243-20210724-05_20_30","10238.9","302.212","4052.3","0.925422105964514","-0.323430118240924","0.5","6","0.5","0: Broadleaf","999.9","0","0","0","0","5.00098","0","0","15","2","0","999.9","1","9999","9999","5","0","0","0","11111111","oooooooo","off","off","off","off","0","100","100","1","2242","1","25","18","21","data/tobacco/2023-03-24 ed aci mcgrath1","2023-03-24","600 - wt-1 - mcgrath1","600 - wt-1","12.3212679809451","1748.13082031068","400.000077544781","FALSE","FALSE","38.8907304089676","726.55605373393","TRUE","TRUE","bilinear",NA,NA,"TRUE","0","73.4422470726798","0.910193177934731","600.048","0.36125","0.7","1.20690819448099","0.106305639177285","51.6801894467601","21.5761335878769",NA,NA,NA,NA,"7.59434789132216",NA,NA,NA,"0.998549141693513","1.41526724726847",NA,NA,"71.6582684439277","75.2262257014319","TRUE","17","4","13","12.3212679809451","0.724780469467357","0.851340395768553","0.97354498852805","52.7718401267947"
"none","600","wt-8","tobacco","mcgrath2","0","0","1","0","RECT-12243-20210724-05_20_30","10238.9","302.212","4052.3","0.925422105964514","-0.323430118240924","0.5","6","0.5","0: Broadleaf","999.9","0","0","0","0","4.99977","0","0","15","2","0","999.9","1","9999","9999","5","0","0","0","11111111","oooooooo","off","off","off","off","0","100","100","2","2094","1","26","18","21","data/tobacco/2023-03-21 ed aci mcgrath2","2023-03-21","600 - wt-8 - mcgrath2","600 - wt-8","0.458520769791181","413.610984838522","660.301304990694","FALSE","FALSE","39.3014780355138","734.535180688779","TRUE","TRUE","bilinear",NA,NA,"TRUE","0","74.3659423021663","0.723335166316154","599.9703125","0.36125","0.7","1.29379181498036","0.0659430926797756","53.0036532024087","22.7103613583994","182.20789448585",NA,"127.523671223794",NA,"8.93126281645311",NA,NA,NA,"1.164543353328","1.42304027663272",NA,NA,"72.9482053761866","75.783679228146","FALSE","16","4","12","0.458520769791181","0.0286575481119488","0.169285404308667","0.195473947494967","-1.43138151530451"
"none","600","wt-9","tobacco","mcgrath1","0","0","1","0","RECT-12243-20210724-05_20_30","10238.9","302.212","4052.3","0.925422105964514","-0.323430118240924","0.5","6","0.5","0: Broadleaf","999.9","0","0","0","0","5.00098","0","0","15","2","0","999.9","1","9999","9999","5","0","0","0","11111111","oooooooo","off","off","off","off","0","100","100","1","2242","1","25","18","21","data/tobacco/2023-03-23 ed aci mcgrath1","2023-03-23","600 - wt-9 - mcgrath1","600 - wt-9","5.92439559024249","356.553913108802","479.50706278528","FALSE","FALSE","39.066261715151","730.595896573531","TRUE","TRUE","bilinear",NA,NA,"TRUE","0","80.8402300311527","1.89820074590535","600.010941176471","0.36125","0.7","0.927397880278557","0.195670158181032","47.9988960452695","22.4471711551244","186.632326925039",NA,"129.292767033894",NA,"8.50994849537697",NA,NA,NA,"0.543884370243734","1.31091139031338",NA,NA,"77.1197565691782","84.5607034931272","FALSE","17","4","13","5.92439559024249","0.348493858249558","0.590333683817515","0.675072394422228","40.3236206994499"
"none","800","wt-5","tobacco","mcgrath1","0","0","1","0","RECT-12243-20210724-05_20_30","10238.9","302.212","4052.3","0.925422105964514","-0.323430118240924","0.5","6","0.5","0: Broadleaf","999.9","0","0","0","0","5.00098","0","0","15","2","0","999.9","1","9999","9999","5","0","0","0","11111111","oooooooo","off","off","off","off","0","100","100","1","2242","1","25","18","21","data/tobacco/2023-03-23 ed aci mcgrath1","2023-03-23","800 - wt-5 - mcgrath1","800 - wt-5","20.7952953243322","1999.99991886499","400.000077544781","FALSE","FALSE","39.0377803919669","729.544153354639","TRUE","TRUE","bilinear",NA,NA,"TRUE","0","89.8330916661146","2.82921462666202","800.021647058824","0.36125","0.7","0.812596963626346","0.361155342459384","46.0537244087889","29.413179000674",NA,NA,NA,NA,"10.0752595451753",NA,NA,NA,"0.104732492405954","1.52046143484674",NA,NA,"84.287830997857","95.3783523343722","TRUE","17","4","13","20.7952953243323","1.22325266613719","1.10600753439441","1.2647680031815","61.669638451486"
